modelo,threshold,accuracy,precision_1,recall_1,f1_1,roc_auc,average_precision,experimento
AdvancedXGBoost@f1,0.4,0.7987732059494084,0.21099554234769688,0.4029511918274688,0.27696508679539694,0.6970089681729673,0.19851169546798286,benchmark_ensemble
AdvancedXGBoost@cost,0.3,0.6385843013787862,0.1596218020022247,0.6515323496027242,0.25642171096716554,0.6970089681729673,0.19851169546798286,benchmark_ensemble
AdvancedXGBoost@f2,0.2,0.4156443382911736,0.12509369534438244,0.8524404086265607,0.2181712542668313,0.6970089681729673,0.19851169546798286,benchmark_ensemble
AdvancedXGBoost@0.50,0.5,0.8792204972315709,0.2701092353525323,0.1543700340522134,0.19646081617912603,0.6970089681729673,0.19851169546798286,benchmark_ensemble
AdvancedLightGBM@f1,0.4,0.8016502008468136,0.2110568112400733,0.39216799091940974,0.2744241461477363,0.6938769719011328,0.19638314893117592,benchmark_ensemble
AdvancedLightGBM@cost,0.3,0.6488437737487787,0.1583684134126869,0.6191827468785471,0.2522251762801988,0.6938769719011328,0.19638314893117592,benchmark_ensemble
AdvancedLightGBM@f2,0.2,0.43768320486374984,0.12709291229287759,0.8314415437003405,0.2204831063285424,0.6938769719011328,0.19638314893117592,benchmark_ensemble
AdvancedLightGBM@0.50,0.5,0.8771034632504614,0.2658582089552239,0.16174801362088537,0.20112914608327453,0.6938769719011328,0.19638314893117592,benchmark_ensemble
AdvancedHistGradientBoosting@f1,0.4,0.7251655629139073,0.176816134717055,0.5124858115777525,0.2629203668656282,0.6887356020728381,0.18873215968746213,benchmark_ensemble
AdvancedHistGradientBoosting@0.50,0.5,0.8415481489523396,0.23055426176059618,0.28093076049943244,0.25326170376055257,0.6887356020728381,0.18873215968746213,benchmark_ensemble
AdvancedHistGradientBoosting@cost,0.35,0.6421126913473021,0.15615658362989324,0.6225879682179342,0.24968703766928416,0.6887356020728381,0.18873215968746213,benchmark_ensemble
AdvancedHistGradientBoosting@f2,0.25,0.40956465096080774,0.1229420038057417,0.8433598183881952,0.21460033215394614,0.6887356020728381,0.18873215968746213,benchmark_ensemble
AdvancedRandomForest@f1,0.4,0.7775485832157203,0.19359916054564533,0.4188422247446084,0.26480086114101187,0.6855653498629872,0.1825065340769301,benchmark_ensemble
AdvancedRandomForest@cost,0.3,0.6028118553902942,0.14783821478382148,0.6617480136208853,0.24168307596642138,0.6855653498629872,0.1825065340769301,benchmark_ensemble
AdvancedRandomForest@f2,0.25,0.4679187927478015,0.12908285661561172,0.7939841089670828,0.22206349206349207,0.6855653498629872,0.1825065340769301,benchmark_ensemble
AdvancedRandomForest@0.50,0.5,0.8566388014330691,0.22920517560073936,0.21112372304199772,0.21979320531757754,0.6855653498629872,0.1825065340769301,benchmark_ensemble
AdvancedExtraTrees@f1,0.4,0.7500271414612962,0.1823463687150838,0.46311010215664017,0.26166426166426165,0.678266437108328,0.18118390077962568,benchmark_ensemble
AdvancedExtraTrees@f2,0.3,0.5612854196069916,0.14156079854809436,0.7082860385925085,0.23596142938173567,0.678266437108328,0.18118390077962568,benchmark_ensemble
AdvancedExtraTrees@cost,0.3,0.5612854196069916,0.14156079854809436,0.7082860385925085,0.23596142938173567,0.678266437108328,0.18118390077962568,benchmark_ensemble
AdvancedExtraTrees@0.50,0.5,0.8768863315600912,0.24392712550607287,0.13677639046538026,0.17527272727272727,0.678266437108328,0.18118390077962568,benchmark_ensemble
AdvancedDecisionTreeCalibrated_sigmoid@threshold_f1,0.1,0.6161111714254696,0.14778455823825948,0.6322360953461975,0.23956989247311827,0.6740163488778032,0.1775476724816908,advanced
AdvancedDecisionTreeCalibrated_sigmoid@threshold_f2,0.1,0.6161111714254696,0.14778455823825948,0.6322360953461975,0.23956989247311827,0.6740163488778032,0.1775476724816908,advanced
AdvancedDecisionTreeCalibrated_sigmoid@threshold_cost,0.1,0.6161111714254696,0.14778455823825948,0.6322360953461975,0.23956989247311827,0.6740163488778032,0.1775476724816908,advanced
AdvancedDecisionTreeCalibrated_sigmoid@0.50,0.5,0.9043534903919227,0.0,0.0,0.0,0.6740163488778032,0.1775476724816908,advanced
AdvancedDecisionTreeCalibrated_isotonic@threshold_f1,0.1,0.6420584084247096,0.1516724336793541,0.5970488081725313,0.2418946884341228,0.6736425273855285,0.17597118196799977,advanced
AdvancedDecisionTreeCalibrated_isotonic@threshold_f2,0.1,0.6420584084247096,0.1516724336793541,0.5970488081725313,0.2418946884341228,0.6736425273855285,0.17597118196799977,advanced
AdvancedDecisionTreeCalibrated_isotonic@threshold_cost,0.1,0.6420584084247096,0.1516724336793541,0.5970488081725313,0.2418946884341228,0.6736425273855285,0.17597118196799977,advanced
AdvancedDecisionTreeCalibrated_isotonic@0.50,0.5,0.9043534903919227,0.0,0.0,0.0,0.6736425273855285,0.17597118196799977,advanced
EnhancedDecisionTree@validated_threshold,0.4,0.7200086852676149,0.16705882352941176,0.48354143019296253,0.2483241037598368,0.6635964601504619,0.17005203166659943,enhanced
EnhancedDecisionTree@0.50,0.5,0.8133210292042123,0.2012825080156751,0.3206583427922815,0.24731888815933464,0.6635964601504619,0.17005203166659943,enhanced
AdvancedDecisionTree@0.50,0.5,0.8028444251438498,0.19935691318327975,0.3518728717366629,0.2545155993431856,0.6651024598261552,0.16688707902694505,advanced
AdvancedDecisionTree@threshold_f1,0.45,0.6699598306372815,0.1587100853619981,0.5698070374574348,0.24826904055390703,0.6651024598261552,0.16688707902694505,advanced
AdvancedDecisionTree@threshold_cost,0.4,0.6445011399413745,0.15185454545454546,0.5925085130533485,0.2417506078499479,0.6651024598261552,0.16688707902694505,advanced
AdvancedDecisionTree@threshold_f2,0.35,0.47323851916187165,0.12615326680474487,0.7604994324631101,0.21640826873385013,0.6651024598261552,0.16688707902694505,advanced
AdvancedKNN@threshold_f1,0.15,0.7798284659646075,0.17414772727272726,0.347900113507378,0.23210904960242332,0.6377059280011663,0.1577680909003456,advanced
AdvancedKNN@threshold_f2,0.1,0.630116165454348,0.14180374361883152,0.5675368898978433,0.2269117313365101,0.6377059280011663,0.1577680909003456,advanced
AdvancedKNN@threshold_cost,0.1,0.630116165454348,0.14180374361883152,0.5675368898978433,0.2269117313365101,0.6377059280011663,0.1577680909003456,advanced
AdvancedKNN@0.50,0.5,0.9030507002497015,0.21428571428571427,0.00510783200908059,0.009977827050997782,0.6377059280011663,0.1577680909003456,advanced
DecisionTree,0.5,0.5697535555314298,0.13809300140911226,0.6674233825198638,0.22883829538820782,0.6544902353676997,0.15464725515663683,original
EnhancedKNN@validated_threshold,0.15,0.7803170122679405,0.16989309448136378,0.3337116912599319,0.22515795519816198,0.6325512213966177,0.15394681268116078,enhanced
EnhancedKNN@0.50,0.5,0.903104983172294,0.23255813953488372,0.0056753688989784334,0.0110803324099723,0.6325512213966177,0.15394681268116078,enhanced
ResamplingDecisionTree_SMOTE@f1,0.65,0.7235913581587232,0.16485507246376813,0.4648127128263337,0.24338781575037147,0.6483606666276045,0.14537309992527425,resampling
ResamplingDecisionTree_SMOTE@0.50,0.5,0.6472152860710021,0.14843402107763098,0.5675368898978433,0.23532180256500765,0.6483606666276045,0.14537309992527425,resampling
ResamplingDecisionTree_SMOTE@cost,0.45,0.6383128867658234,0.14664744051910597,0.5771850170261067,0.23387374956881685,0.6483606666276045,0.14537309992527425,resampling
ResamplingDecisionTree_SMOTE@f2,0.3,0.4280208446422755,0.12173463229588757,0.8013620885357549,0.2113614250430357,0.6483606666276045,0.14537309992527425,resampling
KNN,0.5,0.9025078710237759,0.21666666666666667,0.0073779795686719635,0.014270032930845226,0.6016631453943666,0.13934012617746366,original
ResamplingKNN_SMOTE@f2,0.2,0.51552491586147,0.11584253995495013,0.6129398410896708,0.19485791610284167,0.5876246639404912,0.12865175212592164,resampling
ResamplingKNN_SMOTE@cost,0.2,0.51552491586147,0.11584253995495013,0.6129398410896708,0.19485791610284167,0.5876246639404912,0.12865175212592164,resampling
ResamplingKNN_SMOTE@f1,0.3,0.7120833785691022,0.12887678122380553,0.34903518728717364,0.18824609733700642,0.5876246639404912,0.12865175212592164,resampling
ResamplingKNN_SMOTE@0.50,0.5,0.8741721854304636,0.17824074074074073,0.08740068104426787,0.1172886519421173,0.5876246639404912,0.12865175212592164,resampling
DummyClassifier,0.5,0.9043534903919227,0.0,0.0,0.0,0.5,0.0956465096080773,original
EnhancedDummyClassifier,0.5,0.9043534903919227,0.0,0.0,0.0,0.5,0.0956465096080773,enhanced
AdvancedDummyClassifier,0.5,0.9043534903919227,0.0,0.0,0.0,0.5,0.0956465096080773,advanced
ResamplingDecisionTree_NearMiss@f1,0.15,0.1446639887091521,0.10048529831572937,0.9988649262202043,0.1826010271307776,0.46332338837918824,0.08432839471935268,resampling
ResamplingDecisionTree_NearMiss@f2,0.1,0.1446639887091521,0.10048529831572937,0.9988649262202043,0.1826010271307776,0.46332338837918824,0.08432839471935268,resampling
ResamplingDecisionTree_NearMiss@cost,0.1,0.1446639887091521,0.10048529831572937,0.9988649262202043,0.1826010271307776,0.46332338837918824,0.08432839471935268,resampling
ResamplingDecisionTree_NearMiss@0.50,0.5,0.42650092280968405,0.08706257622666291,0.5266742338251986,0.14942436196763545,0.46332338837918824,0.08432839471935268,resampling
ResamplingKNN_NearMiss@f1,0.05,0.18201063945282814,0.08619939050936004,0.7866061293984109,0.1553724567008576,0.4007104430875641,0.07546979704652783,resampling
ResamplingKNN_NearMiss@f2,0.05,0.18201063945282814,0.08619939050936004,0.7866061293984109,0.1553724567008576,0.4007104430875641,0.07546979704652783,resampling
ResamplingKNN_NearMiss@cost,0.1,0.2333622842253827,0.08600710027463326,0.7287173666288309,0.15385537115810916,0.4007104430875641,0.07546979704652783,resampling
ResamplingKNN_NearMiss@0.50,0.5,0.6029747041580719,0.05950491907331006,0.21282633371169127,0.09300595238095238,0.4007104430875641,0.07546979704652783,resampling
